Spotify URI,Title,Album,Artist(s),Submitter ID,Created,Comment,Round ID,Visible To Voters
spotify:track:0rNww8SMuGZm8GkDWeHtLi,Tramp Like You,Hydranism,Oracle Sisters,5d5638b12d18438d9e443eb2cda1167c,2025-05-02T11:37:38Z,"Recorded in Hydra, GR",56b37df7c9a348aa84cb69c3e25ea272,Yes
spotify:track:0wJyFu6JHwUoKQN5X3uzVe,How Bizarre,How Bizarre,OMC,d1e35e072eec44ccacb5f5176160ecf6,2025-05-03T02:11:59Z,,56b37df7c9a348aa84cb69c3e25ea272,Yes
spotify:track:16tuwlLizmuHZxnAtYzjgm,16 Colors,16 Colors,VETO,005c1f592f01474a868c991fd8294593,2025-05-03T01:36:27Z,Copenhagen.,56b37df7c9a348aa84cb69c3e25ea272,Yes
spotify:track:1caT2YklnqZq35IcQ0oRLj,Candela,Buena Vista Social Club,Buena Vista Social Club,d1e35e072eec44ccacb5f5176160ecf6,2025-05-03T02:11:59Z,,56b37df7c9a348aa84cb69c3e25ea272,Yes
spotify:track:1k1Esg0K4Yinvhkk86s7YM,Uptown Top Ranking,Reggae Anthology: Joe Gibbs - Scorchers From The Mighty Two,Althea And Donna,53cd0cfc1b654a4ab26e98257d6d6d2d,2025-05-01T02:54:56Z,,56b37df7c9a348aa84cb69c3e25ea272,Yes
spotify:track:1uhYrMGxNSs0l6oaMg36Qv,Adeniji,The Budos Band II,The Budos Band,005c1f592f01474a868c991fd8294593,2025-05-03T01:36:27Z,The only good thing to ever come from Staten Island.,56b37df7c9a348aa84cb69c3e25ea272,Yes
spotify:track:2isfZuzjWVxVnKr657VKWO,Hva' har do mæ,Shit & Chalou No. 5 (Remastered),Shit & Chalou,75aaeba84d0d4a42b07bae957a99f791,2025-05-02T21:06:48Z,"Zealand, Denmark ",56b37df7c9a348aa84cb69c3e25ea272,Yes
spotify:track:2nvaMEDGrzvVN8iQD9OKgo,A Thing You Call Joy,A Thing You Call Joy,Sinead O Brien,30b57cc424b243c7bb35e87ed10514e8,2025-05-02T20:09:03Z,Ireland,56b37df7c9a348aa84cb69c3e25ea272,Yes
spotify:track:3bGAl30vb6YTdkYbf9ykql,Friday Night,Weather Alive,Beth Orton,5d5638b12d18438d9e443eb2cda1167c,2025-05-02T11:37:38Z,"Recorded in Hydra, GR",56b37df7c9a348aa84cb69c3e25ea272,Yes
spotify:track:3HariwVbQqkDgVIIy0De3s,Hanny,Senyum Harapan,Golden Wing,30b57cc424b243c7bb35e87ed10514e8,2025-05-02T20:09:03Z,Indonesia  ,56b37df7c9a348aa84cb69c3e25ea272,Yes
spotify:track:3qCVGiCoLg8x86ZpOoE77k,Caer,EP I,Buscabulla,d1e35e072eec44ccacb5f5176160ecf6,2025-05-03T02:11:59Z,,56b37df7c9a348aa84cb69c3e25ea272,Yes
spotify:track:4r4VpAcwrKtvX4klQ9EHUs,Haitian Divorce,The Royal Scam,Steely Dan,2cb5e7dcadc846b4bb172ff2181acaea,2025-05-03T03:56:42Z,,56b37df7c9a348aa84cb69c3e25ea272,No
spotify:track:56Y3RbWAzciF44Rua5Q2K9,Paris Is Burning,Ladyhawke,Ladyhawke,75aaeba84d0d4a42b07bae957a99f791,2025-05-02T21:06:48Z,New Zealand,56b37df7c9a348aa84cb69c3e25ea272,Yes
spotify:track:5OnyZ56HLhrWOXdzeETqLk,Human Behaviour,Debut,Björk,53cd0cfc1b654a4ab26e98257d6d6d2d,2025-05-01T02:54:56Z,,56b37df7c9a348aa84cb69c3e25ea272,Yes
spotify:track:5t8kiNskwDKV9fo2mwD3XX,Catch The Light,Clangour,Sin Fang Bous,75aaeba84d0d4a42b07bae957a99f791,2025-05-02T21:06:48Z,Iceland,56b37df7c9a348aa84cb69c3e25ea272,Yes
spotify:track:6HLT9xlIi0rBpb3yku39Jj,Tantely Male Zay,Tantely Male Zay,Bobo & Behaja,53cd0cfc1b654a4ab26e98257d6d6d2d,2025-05-01T02:54:56Z,"Isle of Man, baby—not Great Britain",56b37df7c9a348aa84cb69c3e25ea272,Yes
spotify:track:6NDr9TFelhUdDd3ogTlKcs,Mad Me (Roots Edition),"Reggae Greats, Vol. 2",Popcaan,30b57cc424b243c7bb35e87ed10514e8,2025-05-02T20:09:03Z,Jamaica,56b37df7c9a348aa84cb69c3e25ea272,Yes
spotify:track:6oNvmplQGUkmAh441Teows,I Touch Myself,Divinyls,Divinyls,2cb5e7dcadc846b4bb172ff2181acaea,2025-05-03T03:56:42Z,,56b37df7c9a348aa84cb69c3e25ea272,No
spotify:track:6rAy2MsMUabbqu2VygrblP,Givin the Dog a Bone,Back In Black,AC/DC,2cb5e7dcadc846b4bb172ff2181acaea,2025-05-03T03:56:42Z,,56b37df7c9a348aa84cb69c3e25ea272,No
spotify:track:777CslXv5rKlZEW53Rv2PE,Come To America,Power Of Power,Mind Gamers,5d5638b12d18438d9e443eb2cda1167c,2025-05-02T11:37:38Z,"Recorded in Hydra, GR",56b37df7c9a348aa84cb69c3e25ea272,Yes
spotify:track:7l03mvgdRNMYYzDNwTaBDK,Fragment 8 - The Sound of Swing,Fragments from a Space Cadet,"Kenneth Bager, The Hellerup Cool School Choir",005c1f592f01474a868c991fd8294593,2025-05-03T01:36:27Z,Copenhagen.,56b37df7c9a348aa84cb69c3e25ea272,Yes
spotify:track:0DiWol3AO6WpXZgp0goxAV,One More Time,Discovery,Daft Punk,cee72f0860f3446ba0b479dd918807be,2025-05-08T11:47:46Z,,f5a2d9d3097b4ace8607cf7852d96e5c,No
spotify:track:0s9aeZriwqyBYfxFzsd20R,This Year,The Sunset Tree,The Mountain Goats,cee72f0860f3446ba0b479dd918807be,2025-05-08T11:47:46Z,,f5a2d9d3097b4ace8607cf7852d96e5c,No
spotify:track:0vbM5oTKb4wFXnBKcvybGZ,Memory Lane (Sittin' in da Park) feat. National Symphony Orchestra - Live,Illmatic: Live from the Kennedy Center with the National Symphony Orchestra,"Nas, National Symphony Orchestra",5d5638b12d18438d9e443eb2cda1167c,2025-05-09T13:09:03Z,,f5a2d9d3097b4ace8607cf7852d96e5c,Yes
spotify:track:0YW7VxBiwtaMEvFalp0SAu,Imaginary Friend,Telekinesis!,Telekinesis,75aaeba84d0d4a42b07bae957a99f791,2025-05-09T14:53:17Z,,f5a2d9d3097b4ace8607cf7852d96e5c,Yes
spotify:track:2giFTKbsckzRwNlaSJATtM,Teenage Dream,Zinc Alloy And The Hidden Riders Of Tomorrow,T. Rex,53cd0cfc1b654a4ab26e98257d6d6d2d,2025-05-08T15:47:43Z,"Remember romance? (Maybe too obvious, but it's SO good.)",f5a2d9d3097b4ace8607cf7852d96e5c,Yes
spotify:track:2gU7NlzNZCkeGf40RcwyXn,The Wolfman of Del Rio,Lubbock (on everything),Terry Allen,53cd0cfc1b654a4ab26e98257d6d6d2d,2025-05-08T15:47:43Z,that vinyl tuck and roll,f5a2d9d3097b4ace8607cf7852d96e5c,Yes
spotify:track:2KrsMeItm3gauDyrXWx99Z,Younger Us,Celebration Rock,Japandroids,5d5638b12d18438d9e443eb2cda1167c,2025-05-09T13:09:03Z,,f5a2d9d3097b4ace8607cf7852d96e5c,Yes
spotify:track:2qOm7ukLyHUXWyR4ZWLwxA,It Was A Good Day,The Predator,Ice Cube,cee72f0860f3446ba0b479dd918807be,2025-05-08T11:47:46Z,,f5a2d9d3097b4ace8607cf7852d96e5c,No
spotify:track:2ZJvsgB3AxPDbeO5OzjpGY,Reagan Youth,What a Time to Be Alive,Superchunk,75aaeba84d0d4a42b07bae957a99f791,2025-05-09T14:53:17Z,,f5a2d9d3097b4ace8607cf7852d96e5c,Yes
spotify:track:2ZnEPfXm1CZzhGOn1Ay4mZ,VBS,Home Video,Lucy Dacus,2cb5e7dcadc846b4bb172ff2181acaea,2025-05-10T00:24:40Z,,f5a2d9d3097b4ace8607cf7852d96e5c,No
spotify:track:33TDAUeConyLclvr9GyvmZ,"To Be Young, Gifted and Black - Single Version",Black Gold (Expanded Edition),Nina Simone,53cd0cfc1b654a4ab26e98257d6d6d2d,2025-05-08T15:47:43Z,"Is the Aretha version better? In my opinion, yes, but we already had something from that album.",f5a2d9d3097b4ace8607cf7852d96e5c,Yes
spotify:track:38YqXnZeq4hGiIzvTMdqvq,I Used To,I Used To,Lekota,30b57cc424b243c7bb35e87ed10514e8,2025-05-08T21:26:41Z,,f5a2d9d3097b4ace8607cf7852d96e5c,Yes
spotify:track:3EVNUWzRLvdiHwD1qQDQ7f,That Teenage Feeling,Fox Confessor Brings The Flood (Bonus Track Version),Neko Case,2cb5e7dcadc846b4bb172ff2181acaea,2025-05-10T00:24:40Z,,f5a2d9d3097b4ace8607cf7852d96e5c,No
spotify:track:3SCoqQshzyJaeaVuUM9VLu,Calentita,Electrified (Best-of 2009 - 2022),"The Limiñanas, Nuria",30b57cc424b243c7bb35e87ed10514e8,2025-05-08T21:26:41Z,"What a scene.
https://lyrics.lyricfind.com/lyrics/the-liminanas-calentita",f5a2d9d3097b4ace8607cf7852d96e5c,Yes
spotify:track:5mgIyl311SDCL2oZ3NXkBO,Run Wild,Run Wild,"Twain, The Deslondes",005c1f592f01474a868c991fd8294593,2025-05-09T14:41:26Z,,f5a2d9d3097b4ace8607cf7852d96e5c,Yes
spotify:track:5WtjJrwJvlKqTBl92Wmlc8,This Is A Photograph II,More Photographs (A Continuum),Kevin Morby,005c1f592f01474a868c991fd8294593,2025-05-09T14:41:26Z,"Strongly suggest also listening to the original ""This is a photograph"" also by Kevin Morby. ",f5a2d9d3097b4ace8607cf7852d96e5c,Yes
spotify:track:67VxWciiaYZYy3NTlyCtp7,Cigarette Ahegao,Public Void,Penelope Scott,2cb5e7dcadc846b4bb172ff2181acaea,2025-05-10T00:24:40Z,,f5a2d9d3097b4ace8607cf7852d96e5c,No
spotify:track:7C6hHmGVWw4SzewfvFU2Hc,Sold My Soul,Nobody Lives Here Anymore,Cut Worms,30b57cc424b243c7bb35e87ed10514e8,2025-05-08T21:26:41Z,,f5a2d9d3097b4ace8607cf7852d96e5c,Yes
spotify:track:7jtFvHuoIHkOkgJq27TEdk,"Fast, Free, No Stress, Easy",I Think I'll Stay Home for My Birthday,Kyle Brew,005c1f592f01474a868c991fd8294593,2025-05-09T14:41:26Z,,f5a2d9d3097b4ace8607cf7852d96e5c,Yes
spotify:track:7KJW1e0phLPF8PW1FKe4SJ,You Saw It All - DJ Koze Mix - Bonus Track,Bodily Functions (Special Edition),"Herbert, Matthew Herbert",5d5638b12d18438d9e443eb2cda1167c,2025-05-09T13:09:03Z,Y'all show no love for my Koze tracks and I'm not feeling that so now you get the Kozeest remix that ever Kozeed.,f5a2d9d3097b4ace8607cf7852d96e5c,Yes
spotify:track:7L60tCJco3oUvJy0OF6Vvq,Good Old Days,Even Worse,"""Weird Al"" Yankovic",75aaeba84d0d4a42b07bae957a99f791,2025-05-09T14:53:17Z,,f5a2d9d3097b4ace8607cf7852d96e5c,Yes
spotify:track:0KIPa0YuQ5QFmlAqRyXNd9,At the River,Vertigo,Groove Armada,75aaeba84d0d4a42b07bae957a99f791,2025-05-16T12:47:15Z,,2e0a32162b164cdcb89047ca96fa2b36,Yes
spotify:track:1b2DcWlzQA8uVG7kNiAynz,Roger Bobo Plays the Tuba,"2012 Florida Music Educators Association (FMEA): All-State Elementary Chorus, All-State Middle School Treble Chorus & All-State Middle School Mixed Chorus","Brian Holmes, Florida All-State Middle School Treble Chorus, Lynn Urda",75aaeba84d0d4a42b07bae957a99f791,2025-05-16T12:47:15Z,"Roger is the most famous concert tubaist in America. His music is not on Spotify. This is a children's choir with tuba performing a song based on a poem that JOHN FUCKIN' UPDIKE wrote inspired by a NYT article about Roger Bobo. 
",2e0a32162b164cdcb89047ca96fa2b36,Yes
spotify:track:24LDPVMwvoFOLzqsi6ll3I,La Llorona,March of the Zapotec and Real People Holland,Beirut,75aaeba84d0d4a42b07bae957a99f791,2025-05-16T12:47:15Z,,2e0a32162b164cdcb89047ca96fa2b36,Yes
spotify:track:2dn3XFGmBIiY3soBv8hkg4,Sonata in G Major,Tuba Tracks,Gene Pokorny,2cb5e7dcadc846b4bb172ff2181acaea,2025-05-17T04:46:25Z,This is supposed to be II: Allegro,2e0a32162b164cdcb89047ca96fa2b36,Yes
spotify:track:3cDx1UYNPhCfO2tfbmKCTC,Pool Party,Pool Party,Rudy Willingham,30b57cc424b243c7bb35e87ed10514e8,2025-05-16T17:18:08Z,,2e0a32162b164cdcb89047ca96fa2b36,Yes
spotify:track:3NZLh15YO6RJoA5pDBUutL,Liebermann Funky Freylekhs,Brotherhood of Brass,Frank London's Klezmer Brass Allstars,53cd0cfc1b654a4ab26e98257d6d6d2d,2025-05-15T01:14:59Z,'00s klezmer.,2e0a32162b164cdcb89047ca96fa2b36,Yes
spotify:track:3omy6pShgsEZITVrtiGyqF,Anti Loudness,EMPOR,MEUTE,005c1f592f01474a868c991fd8294593,2025-05-16T17:38:30Z,,2e0a32162b164cdcb89047ca96fa2b36,Yes
spotify:track:41XPLxAYGkZ8xeUHqDmKtA,Mr. Pitiful,The Very Best of Otis Redding,Otis Redding,d1e35e072eec44ccacb5f5176160ecf6,2025-05-16T21:39:42Z,,2e0a32162b164cdcb89047ca96fa2b36,Yes
spotify:track:4EDhPDlCB6kXwn9q9LpQ0S,Came out of a Lady,Omega La La,Rubblebucket,d1e35e072eec44ccacb5f5176160ecf6,2025-05-16T21:39:42Z,,2e0a32162b164cdcb89047ca96fa2b36,Yes
spotify:track:4gGfP5EuyPAlo1P0m5xFYu,Call Your Name,Call Your Name,Tora-i,30b57cc424b243c7bb35e87ed10514e8,2025-05-16T17:18:08Z,,2e0a32162b164cdcb89047ca96fa2b36,Yes
spotify:track:4uGPJEjk4OW1EH7ANQKUzq,We exhale the Gate closed,The Psychic/Body Sound System,Dan Blacksberg,53cd0cfc1b654a4ab26e98257d6d6d2d,2025-05-15T01:14:59Z,"""Dan Blacksberg’s Psychic/Body Sound System takes a gutsy leap into a landscape of otherworldly sub-bass drones, fiery free jazz declamations, and melancholic sonic stories. This fully improvised solo album, recorded live with no effects or overdubs shows Blacksberg wielding his trombone like a seer across varied sonic environments, real and imagined.""",2e0a32162b164cdcb89047ca96fa2b36,Yes
spotify:track:4WkBjjVQKyulXF0VbJJ7pO,Chicago Falcon,The Budos Band II,The Budos Band,2cb5e7dcadc846b4bb172ff2181acaea,2025-05-17T04:46:25Z,,2e0a32162b164cdcb89047ca96fa2b36,Yes
spotify:track:5hCgm1tDb7ZZKmRtucTTjh,The Love Me or Die,Jungle Blues,C.W. Stoneking,30b57cc424b243c7bb35e87ed10514e8,2025-05-16T17:18:08Z,,2e0a32162b164cdcb89047ca96fa2b36,Yes
spotify:track:5qh4q09WZTUMCkqXWR4l6l,You Don't Know,Ya-Ka-May (Deluxe Edition),"Galactic, Glen David Andrews, Rebirth Brass Band",005c1f592f01474a868c991fd8294593,2025-05-16T17:38:30Z,,2e0a32162b164cdcb89047ca96fa2b36,Yes
spotify:track:5y0sNukhYLintA7ihvQmbT,Klezmer Karnival,"""Proud"" 2020","Grupo de Solidariedade Musical e Desportivo Banda Filarmónica, Paulo Guia",cee72f0860f3446ba0b479dd918807be,2025-05-17T01:23:21Z,,2e0a32162b164cdcb89047ca96fa2b36,No
spotify:track:69cch6k42gc8makrtVixC4,Bounce Baby,From the Corner To the Block,Galactic,5d5638b12d18438d9e443eb2cda1167c,2025-05-15T13:26:44Z,,2e0a32162b164cdcb89047ca96fa2b36,No
spotify:track:6aHi6zjc8pFiQHmR4Ku6Ir,Ce Frumoasa Esti,Speed Brass Of The Gypsies,Fanfare Savale,53cd0cfc1b654a4ab26e98257d6d6d2d,2025-05-15T01:14:59Z,This is not klezmer.,2e0a32162b164cdcb89047ca96fa2b36,Yes
spotify:track:6bWjr4qT4d58NuPEepedEr,Go Down Gamblin',"B, S & T; 4","Blood, Sweat & Tears",2cb5e7dcadc846b4bb172ff2181acaea,2025-05-17T04:46:25Z,,2e0a32162b164cdcb89047ca96fa2b36,Yes
spotify:track:6WL8ex03Zfo4jHYRt7eC6F,Don't Stop Me Now,New Horizons,Szeged Trombone Ensemble,5d5638b12d18438d9e443eb2cda1167c,2025-05-15T13:26:44Z,,2e0a32162b164cdcb89047ca96fa2b36,No
spotify:track:7a5VuzvBrtbqYT7kNlQlFd,Chattanooga Choo Choo,Ultimate Big Band Collection: Glenn Miller,Glenn Miller,5d5638b12d18438d9e443eb2cda1167c,2025-05-15T13:26:44Z,,2e0a32162b164cdcb89047ca96fa2b36,No
spotify:track:7eOtKm3fNAeAhAoIZmJuEY,Moliendo Café,Iag Bari,Fanfare Ciocarlia,005c1f592f01474a868c991fd8294593,2025-05-16T17:38:30Z,,2e0a32162b164cdcb89047ca96fa2b36,Yes
spotify:track:7FY4Jmu7iWfgi0xDiK77QY,Forest Encyclopedia,A Study of Losses,Beirut,d1e35e072eec44ccacb5f5176160ecf6,2025-05-16T21:39:42Z,,2e0a32162b164cdcb89047ca96fa2b36,Yes
spotify:track:7h5crXBSY5SSpXRIlklv74,The Bare Necessities,The Jungle Book,"Phil Harris, Bruce Reitherman",cee72f0860f3446ba0b479dd918807be,2025-05-17T01:23:21Z,,2e0a32162b164cdcb89047ca96fa2b36,No
spotify:track:7nL2JWzSxZOOiVQU5NlfYA,Tuba Fats,The Treme Brass Band,Treme Brass Band,cee72f0860f3446ba0b479dd918807be,2025-05-17T01:23:21Z,,2e0a32162b164cdcb89047ca96fa2b36,No
spotify:track:07qj9w93jk1eA2TGAd6kxj,Masterpiece,5,SAULT,30b57cc424b243c7bb35e87ed10514e8,2025-05-23T08:44:01Z,,225f8250ebd445b491b900e4dd697d9a,Yes
spotify:track:0IaiJbZebXLqfetAkMEZzU,Body,Fin,Syd,30b57cc424b243c7bb35e87ed10514e8,2025-05-23T08:44:01Z,"Several of you have probably heard ""Girl"" by The Internet. But this solo stuff from Syd is hornier",225f8250ebd445b491b900e4dd697d9a,Yes
spotify:track:0nghE8iUqF4SkTaMqQNxiG,Pussy,Brazilian Girls,Brazilian Girls,d1e35e072eec44ccacb5f5176160ecf6,2025-05-21T14:28:15Z,,225f8250ebd445b491b900e4dd697d9a,Yes
spotify:track:0Spvz62wfYNIU3ZFYGRqvG,Tulsa Sunday,13,Lee Hazlewood,53cd0cfc1b654a4ab26e98257d6d6d2d,2025-05-23T01:52:53Z,What sex act would you perform to this song? I know mine.,225f8250ebd445b491b900e4dd697d9a,Yes
spotify:track:1JGGsCZ9zhgPJIsPy0pwt9,Cbat,Satin Panthers,Hudson Mohawke,5d5638b12d18438d9e443eb2cda1167c,2025-05-22T04:05:16Z,https://www.reddit.com/r/BestofRedditorUpdates/comments/x5opa1/tifu_my_20f_girlfriend_of_two_years_told_me_the/?share_id=-tdotdcHqhB10jRIfzif8&utm_medium=android_app&utm_name=androidcss&utm_source=share&utm_term=1,225f8250ebd445b491b900e4dd697d9a,Yes
spotify:track:1TytKeDnrjx0t29DYclf3W,Let's Have A Satanic Orgy,God Is Dead,Twin Temple,005c1f592f01474a868c991fd8294593,2025-05-23T17:46:03Z,,225f8250ebd445b491b900e4dd697d9a,Yes
spotify:track:2JgBVzKUpiMSxPb4H9tbQV,Rock Creek Park,City Life,The Blackbyrds,75aaeba84d0d4a42b07bae957a99f791,2025-05-23T18:40:29Z,"Written and performed by a Howard Professor and his former students with guest vocals from Merry Clayton of ""Gimme Shelter"" fame. There is a music video and it is shot in Rock Creek Park. ",225f8250ebd445b491b900e4dd697d9a,Yes
spotify:track:2kQuhkFX7uSVepCD3h29g5,Smack That,Konvicted,"Akon, Eminem",cee72f0860f3446ba0b479dd918807be,2025-05-23T22:07:00Z,,225f8250ebd445b491b900e4dd697d9a,No
spotify:track:2YC0oTQhwtJPW3Xb4EuVi7,I Just Wanna Lay Around All Day In Bed With You,Pick A Bigger Weapon,The Coup,53cd0cfc1b654a4ab26e98257d6d6d2d,2025-05-23T01:52:53Z,Sexual + Radical,225f8250ebd445b491b900e4dd697d9a,Yes
spotify:track:3iCbTmcXnKlRZCdaYOukxq,Love Ballad,Love To The World,L.T.D.,30b57cc424b243c7bb35e87ed10514e8,2025-05-23T08:44:01Z,,225f8250ebd445b491b900e4dd697d9a,Yes
spotify:track:3PlQ7nKvyX9Da10AsYBm7c,Water Slide,The Age of Pleasure,Janelle Monáe,d1e35e072eec44ccacb5f5176160ecf6,2025-05-21T14:28:15Z,,225f8250ebd445b491b900e4dd697d9a,Yes
spotify:track:3YUC6sdWjRHqBmD48Bb3ya,Amour dans le motu,Psycho Tropical Berlin,La Femme,005c1f592f01474a868c991fd8294593,2025-05-23T17:46:03Z,An ode to the clitoris. ,225f8250ebd445b491b900e4dd697d9a,Yes
spotify:track:43sNw9nvGYGLYnNiwI8oMZ,Freek'n You,"The Show, The After Party, The Hotel",Jodeci,5d5638b12d18438d9e443eb2cda1167c,2025-05-22T04:05:16Z,,225f8250ebd445b491b900e4dd697d9a,Yes
spotify:track:5CdJveJgiGXoGwDFqF6afp,Freak Me,Lose Control,Silk,5d5638b12d18438d9e443eb2cda1167c,2025-05-22T04:05:16Z,,225f8250ebd445b491b900e4dd697d9a,Yes
spotify:track:5Cx5i2VoIBnkFdVfAEVWUy,Teach Me Tiger,Action Painting,Speaker Bite Me,005c1f592f01474a868c991fd8294593,2025-05-23T17:46:03Z,Modern take on a horny classic.,225f8250ebd445b491b900e4dd697d9a,Yes
spotify:track:5w50cKPaeHmCbC3eO1Vn2T,Close Up,Rub,"Peaches, Kim Gordon",2cb5e7dcadc846b4bb172ff2181acaea,2025-05-23T19:29:17Z,,225f8250ebd445b491b900e4dd697d9a,No
spotify:track:6aLmvz0CPeCNHCXK2H5QIC,Debra,Midnite Vultures,Beck,2cb5e7dcadc846b4bb172ff2181acaea,2025-05-23T19:29:17Z,RIP Gilhouly’s,225f8250ebd445b491b900e4dd697d9a,No
spotify:track:6WUeQiXtr5KQB4RT4fbr63,Business Time,Flight Of The Conchords,Flight of the Conchords,cee72f0860f3446ba0b479dd918807be,2025-05-23T22:07:00Z,,225f8250ebd445b491b900e4dd697d9a,No
spotify:track:741OE401HO7ZCaPhEqCZ7w,This Woman's Work - Remastered 2021,Now,Maxwell,53cd0cfc1b654a4ab26e98257d6d6d2d,2025-05-23T01:52:53Z,"From Love & Basketball (2000), of course",225f8250ebd445b491b900e4dd697d9a,Yes
spotify:track:77eVngZmeOMckhdBGU2rHl,69 année érotique,Jane Birkin & Serge Gainsbourg,"Serge Gainsbourg, Jane Birkin",75aaeba84d0d4a42b07bae957a99f791,2025-05-23T18:40:29Z,,225f8250ebd445b491b900e4dd697d9a,No
spotify:track:7DfFc7a6Rwfi3YQMRbDMau,Thinkin Bout You,channel ORANGE,Frank Ocean,cee72f0860f3446ba0b479dd918807be,2025-05-23T22:07:00Z,,225f8250ebd445b491b900e4dd697d9a,No
spotify:track:7IEor9fMKyXvn7fj6kKPeR,Leisure Suite,Let It Die,Feist,d1e35e072eec44ccacb5f5176160ecf6,2025-05-21T14:28:15Z,,225f8250ebd445b491b900e4dd697d9a,Yes
spotify:track:7qXu5zUjLP4ZAP12QOZRX5,Slow Down,Homegrown,VanJess,2cb5e7dcadc846b4bb172ff2181acaea,2025-05-23T19:29:17Z,,225f8250ebd445b491b900e4dd697d9a,No
spotify:track:7vmcxRnWa5xSimLHbUXhcZ,The Trip,Fancy Dancer (Reissue),Bobbi Humphrey,75aaeba84d0d4a42b07bae957a99f791,2025-05-23T18:40:29Z,Boudoir flute. ,225f8250ebd445b491b900e4dd697d9a,Yes
spotify:track:09kr1ZVtvs1kX3yaHeRgA9,Irene (Ravin' Bomb),Between the Country,Ian Noe,2cb5e7dcadc846b4bb172ff2181acaea,2025-05-31T01:44:20Z,,c0fc1b1bbaeb41caaa3a16b54483e76b,No
spotify:track:0edBQFFaZdj7ly3e5Af1mJ,What a Day,Portrait,Josephine Oniyama,75aaeba84d0d4a42b07bae957a99f791,2025-05-30T20:50:30Z,,c0fc1b1bbaeb41caaa3a16b54483e76b,Yes
spotify:track:0Hl5gfxuTN16XQ2RpmGUNN,19-20-20,Gravity Won't Get You High,The Grates,cee72f0860f3446ba0b479dd918807be,2025-05-30T04:31:39Z,,c0fc1b1bbaeb41caaa3a16b54483e76b,No
spotify:track:0YdUVABXvtsL3XjklvYj3Q,The Cult of Dionysus,Cosmicandy (Deluxe Edition),"The Orion Experience, ORION, Linda XO",005c1f592f01474a868c991fd8294593,2025-05-31T00:27:43Z,An ode to kinky suburbs.,c0fc1b1bbaeb41caaa3a16b54483e76b,Yes
spotify:track:1eqfEgDjxtCu8RBnEdg3bT,Roly-Poly,Classic Western Swing,Bob Wills & His Texas Playboys,d1e35e072eec44ccacb5f5176160ecf6,2025-05-31T02:38:58Z,,c0fc1b1bbaeb41caaa3a16b54483e76b,Yes
spotify:track:1pBPVzChJfeySTkqCfozDZ,My Little Red Book - Stereo Version,Love,Love,53cd0cfc1b654a4ab26e98257d6d6d2d,2025-05-30T05:18:34Z,,c0fc1b1bbaeb41caaa3a16b54483e76b,Yes
spotify:track:2BfXUucftFmZ9jCGQWYH34,It Ain't Nothing to me,Darling Dear,Sanford Clark,005c1f592f01474a868c991fd8294593,2025-05-31T00:27:43Z,,c0fc1b1bbaeb41caaa3a16b54483e76b,Yes
spotify:track:2D3b8bnREsBSFTErv2le8x,Teeth Marché,Teeth Marché,Tropical Fuck Storm,d1e35e072eec44ccacb5f5176160ecf6,2025-05-31T02:38:58Z,,c0fc1b1bbaeb41caaa3a16b54483e76b,Yes
spotify:track:374Sr1nH1xgmyZ64T7moNY,The Durango Song,Abby Johnson,Abby Johnson,53cd0cfc1b654a4ab26e98257d6d6d2d,2025-05-30T05:18:34Z,,c0fc1b1bbaeb41caaa3a16b54483e76b,Yes
spotify:track:3jAqtv3axuQ4lYz7v5h9MW,The Goodbye Look,The Nightfly,Donald Fagen,2cb5e7dcadc846b4bb172ff2181acaea,2025-05-31T01:44:20Z,,c0fc1b1bbaeb41caaa3a16b54483e76b,No
spotify:track:3YUacjGhqQptDlWUzftaIB,Jeannie Becomes A Mom,LONER,Caroline Rose,75aaeba84d0d4a42b07bae957a99f791,2025-05-30T20:50:30Z,,c0fc1b1bbaeb41caaa3a16b54483e76b,Yes
spotify:track:4ErB49XA8xwv3P3tYtr3zh,"Silver Surfer, Ghost Rider Go!!!",Into the Great Wide Yonder,trentemøller,005c1f592f01474a868c991fd8294593,2025-05-31T00:27:43Z,,c0fc1b1bbaeb41caaa3a16b54483e76b,Yes
spotify:track:4FVHwGJVAJXiVjeujci15f,FROSTY,VISUALS (DELUXE),KUNZITE,d1e35e072eec44ccacb5f5176160ecf6,2025-05-31T02:38:58Z,,c0fc1b1bbaeb41caaa3a16b54483e76b,Yes
spotify:track:4OyOEnSzlZGOW9TYjccBkg,Talk About Run,Two Bad DJ,"Clint Eastwood, General Saint",53cd0cfc1b654a4ab26e98257d6d6d2d,2025-05-30T05:18:34Z,,c0fc1b1bbaeb41caaa3a16b54483e76b,Yes
spotify:track:5CwZU4BVFX0dyqG1gKfHHr,The Fireman,Does Fort Worth Ever Cross Your Mind,George Strait,2cb5e7dcadc846b4bb172ff2181acaea,2025-05-31T01:44:20Z,,c0fc1b1bbaeb41caaa3a16b54483e76b,No
spotify:track:5DQFjLWTW7AGqaPLdeXCTz,Los Angeles,The Freelancer's Blues,Dougie Poole,30b57cc424b243c7bb35e87ed10514e8,2025-05-30T16:10:10Z,,c0fc1b1bbaeb41caaa3a16b54483e76b,Yes
spotify:track:6BI2GDwlQV32JZLgYPMlFM,Hot Blooded,Hot Blooded,New Constellations,30b57cc424b243c7bb35e87ed10514e8,2025-05-30T16:10:10Z,,c0fc1b1bbaeb41caaa3a16b54483e76b,Yes
spotify:track:6Y26cFvFKVBm8rKZCyT3gu,Booksmart Hunny,"When You Gonna Tell 'Em the Truth, Aaron?",Milo Korbenski,30b57cc424b243c7bb35e87ed10514e8,2025-05-30T16:10:10Z,,c0fc1b1bbaeb41caaa3a16b54483e76b,Yes
spotify:track:6zzj3DgwF0qL31dTwVOt3n,Pinball Lez,We Have The Technology,Custard,cee72f0860f3446ba0b479dd918807be,2025-05-30T04:31:39Z,,c0fc1b1bbaeb41caaa3a16b54483e76b,No
spotify:track:7kOMpFK3lFZbB3e06XccF3,Greg! The Stop Sign!!,Machiavelli And The Four Seasons,TISM,cee72f0860f3446ba0b479dd918807be,2025-05-30T04:31:39Z,,c0fc1b1bbaeb41caaa3a16b54483e76b,No
spotify:track:7Lo2jmR4WJSihrhRw38w9T,Fair Weather Friends,Love To Make Music To,Daedelus,75aaeba84d0d4a42b07bae957a99f791,2025-05-30T20:50:30Z,,c0fc1b1bbaeb41caaa3a16b54483e76b,Yes
